,vol_regime,trend_regime,corr_regime,hmm_state
2018-01-02,NORMAL,RANGE_BOUND,NORMAL_CORRELATION,N/A
2018-01-03,NORMAL,RANGE_BOUND,NORMAL_CORRELATION,Bull
2018-01-04,NORMAL,RANGE_BOUND,NORMAL_CORRELATION,Bull
2018-01-05,NORMAL,RANGE_BOUND,NORMAL_CORRELATION,Bull
2018-01-08,NORMAL,RANGE_BOUND,NORMAL_CORRELATION,Neutral
2018-01-09,NORMAL,RANGE_BOUND,NORMAL_CORRELATION,Bull
2018-01-10,NORMAL,RANGE_BOUND,NORMAL_CORRELATION,Bull
2018-01-11,NORMAL,RANGE_BOUND,NORMAL_CORRELATION,Bull
2018-01-12,NORMAL,RANGE_BOUND,NORMAL_CORRELATION,Bull
2018-01-15,NORMAL,RANGE_BOUND,NORMAL_CORRELATION,Bull
2018-01-16,NORMAL,RANGE_BOUND,NORMAL_CORRELATION,Bull
2018-01-17,NORMAL,RANGE_BOUND,NORMAL_CORRELATION,Bull
2018-01-18,NORMAL,RANGE_BOUND,NORMAL_CORRELATION,Bull
2018-01-19,NORMAL,RANGE_BOUND,NORMAL_CORRELATION,Bull
2018-01-22,NORMAL,RANGE_BOUND,NORMAL_CORRELATION,Bull
2018-01-23,NORMAL,RANGE_BOUND,NORMAL_CORRELATION,Bull
2018-01-24,NORMAL,RANGE_BOUND,NORMAL_CORRELATION,Bull
2018-01-25,NORMAL,RANGE_BOUND,NORMAL_CORRELATION,Bull
2018-01-26,NORMAL,RANGE_BOUND,NORMAL_CORRELATION,Bull
2018-01-29,NORMAL,RANGE_BOUND,NORMAL_CORRELATION,Bull
2018-01-30,NORMAL,RANGE_BOUND,NORMAL_CORRELATION,Bull
2018-01-31,NORMAL,RANGE_BOUND,NORMAL_CORRELATION,Bull
2018-02-01,NORMAL,RANGE_BOUND,NORMAL_CORRELATION,Bull
2018-02-02,NORMAL,RANGE_BOUND,NORMAL_CORRELATION,Bull
2018-02-05,NORMAL,RANGE_BOUND,NORMAL_CORRELATION,Bull
2018-02-06,NORMAL,RANGE_BOUND,NORMAL_CORRELATION,Bull
2018-02-07,NORMAL,RANGE_BOUND,NORMAL_CORRELATION,Bull
2018-02-08,NORMAL,RANGE_BOUND,NORMAL_CORRELATION,Bull
2018-02-09,NORMAL,RANGE_BOUND,NORMAL_CORRELATION,Bull
2018-02-12,NORMAL,UPTREND,NORMAL_CORRELATION,Bull
2018-02-13,NORMAL,UPTREND,NORMAL_CORRELATION,Neutral
2018-02-14,NORMAL,UPTREND,NORMAL_CORRELATION,Bull
2018-02-15,NORMAL,UPTREND,NORMAL_CORRELATION,Bull
2018-02-16,NORMAL,UPTREND,NORMAL_CORRELATION,Bull
2018-02-19,NORMAL,UPTREND,NORMAL_CORRELATION,Bull
2018-02-20,NORMAL,UPTREND,NORMAL_CORRELATION,Bull
2018-02-21,NORMAL,UPTREND,NORMAL_CORRELATION,Bull
2018-02-22,NORMAL,UPTREND,NORMAL_CORRELATION,Bull
2018-02-23,NORMAL,UPTREND,NORMAL_CORRELATION,Bull
2018-02-26,NORMAL,UPTREND,NORMAL_CORRELATION,Bull
2018-02-27,NORMAL,UPTREND,NORMAL_CORRELATION,Bull
2018-02-28,NORMAL,UPTREND,NORMAL_CORRELATION,Bull
2018-03-01,NORMAL,UPTREND,NORMAL_CORRELATION,Bull
2018-03-02,LOW,UPTREND,NORMAL_CORRELATION,Bull
2018-03-05,LOW,UPTREND,NORMAL_CORRELATION,Bull
2018-03-06,LOW,UPTREND,NORMAL_CORRELATION,Bull
2018-03-07,LOW,UPTREND,NORMAL_CORRELATION,Bull
2018-03-08,LOW,UPTREND,NORMAL_CORRELATION,Bull
2018-03-09,NORMAL,UPTREND,NORMAL_CORRELATION,Bull
2018-03-12,NORMAL,UPTREND,NORMAL_CORRELATION,Bull
2018-03-13,NORMAL,UPTREND,NORMAL_CORRELATION,Bull
2018-03-14,LOW,UPTREND,NORMAL_CORRELATION,Bull
2018-03-15,LOW,UPTREND,NORMAL_CORRELATION,Bull
2018-03-16,LOW,UPTREND,NORMAL_CORRELATION,Bull
2018-03-19,LOW,UPTREND,NORMAL_CORRELATION,Bull
2018-03-20,LOW,UPTREND,NORMAL_CORRELATION,Bull
2018-03-21,LOW,UPTREND,NORMAL_CORRELATION,Bull
2018-03-22,NORMAL,UPTREND,NORMAL_CORRELATION,Bull
2018-03-23,NORMAL,UPTREND,NORMAL_CORRELATION,Bull
2018-03-26,NORMAL,UPTREND,NORMAL_CORRELATION,Bull
2018-03-27,HIGH,UPTREND,NORMAL_CORRELATION,Bull
2018-03-28,HIGH,UPTREND,NORMAL_CORRELATION,Bull
2018-03-29,NORMAL,UPTREND,NORMAL_CORRELATION,Bull
2018-03-30,NORMAL,UPTREND,NORMAL_CORRELATION,Bull
2018-04-02,HIGH,UPTREND,NORMAL_CORRELATION,Bull
2018-04-03,HIGH,UPTREND,NORMAL_CORRELATION,Bull
2018-04-04,HIGH,UPTREND,NORMAL_CORRELATION,Bull
2018-04-05,HIGH,UPTREND,NORMAL_CORRELATION,Bull
2018-04-06,HIGH,UPTREND,NORMAL_CORRELATION,Bull
2018-04-09,HIGH,UPTREND,NORMAL_CORRELATION,Bull
2018-04-10,HIGH,UPTREND,NORMAL_CORRELATION,Bull
2018-04-11,EXTREME,UPTREND,NORMAL_CORRELATION,Bull
2018-04-12,EXTREME,RANGE_BOUND,NORMAL_CORRELATION,Bull
2018-04-13,HIGH,RANGE_BOUND,NORMAL_CORRELATION,Bull
2018-04-16,HIGH,RANGE_BOUND,NORMAL_CORRELATION,Bull
2018-04-17,HIGH,RANGE_BOUND,NORMAL_CORRELATION,Bull
2018-04-18,HIGH,RANGE_BOUND,NORMAL_CORRELATION,Bull
2018-04-19,HIGH,RANGE_BOUND,NORMAL_CORRELATION,Bull
2018-04-20,NORMAL,RANGE_BOUND,NORMAL_CORRELATION,Bull
2018-04-23,NORMAL,RANGE_BOUND,NORMAL_CORRELATION,Bull
2018-04-24,NORMAL,RANGE_BOUND,NORMAL_CORRELATION,Bull
2018-04-25,LOW,RANGE_BOUND,NORMAL_CORRELATION,Bull
2018-04-26,LOW,RANGE_BOUND,NORMAL_CORRELATION,Bull
2018-04-27,LOW,RANGE_BOUND,NORMAL_CORRELATION,Bull
2018-04-30,LOW,RANGE_BOUND,NORMAL_CORRELATION,Bull
2018-05-01,LOW,RANGE_BOUND,NORMAL_CORRELATION,Bull
2018-05-02,LOW,RANGE_BOUND,NORMAL_CORRELATION,Bull
2018-05-03,LOW,RANGE_BOUND,NORMAL_CORRELATION,Bull
2018-05-04,LOW,RANGE_BOUND,NORMAL_CORRELATION,Bull
2018-05-07,LOW,RANGE_BOUND,NORMAL_CORRELATION,Bull
2018-05-08,LOW,RANGE_BOUND,NORMAL_CORRELATION,Bull
2018-05-09,LOW,RANGE_BOUND,NORMAL_CORRELATION,Bull
2018-05-10,LOW,RANGE_BOUND,NORMAL_CORRELATION,Bull
2018-05-11,LOW,RANGE_BOUND,NORMAL_CORRELATION,Bull
2018-05-14,LOW,RANGE_BOUND,NORMAL_CORRELATION,Bull
2018-05-15,NORMAL,RANGE_BOUND,NORMAL_CORRELATION,Bull
2018-05-16,NORMAL,RANGE_BOUND,NORMAL_CORRELATION,Bull
2018-05-17,NORMAL,RANGE_BOUND,NORMAL_CORRELATION,Bull
2018-05-18,NORMAL,RANGE_BOUND,NORMAL_CORRELATION,Bull
2018-05-21,NORMAL,RANGE_BOUND,NORMAL_CORRELATION,Bull
2018-05-22,NORMAL,RANGE_BOUND,NORMAL_CORRELATION,Bull
2018-05-23,NORMAL,DOWNTREND,NORMAL_CORRELATION,Bull
2018-05-24,NORMAL,DOWNTREND,NORMAL_CORRELATION,Bull
2018-05-25,HIGH,DOWNTREND,NORMAL_CORRELATION,Bull
2018-05-28,HIGH,DOWNTREND,NORMAL_CORRELATION,Bull
2018-05-29,NORMAL,DOWNTREND,NORMAL_CORRELATION,Bull
2018-05-30,NORMAL,DOWNTREND,NORMAL_CORRELATION,Bull
2018-05-31,NORMAL,DOWNTREND,NORMAL_CORRELATION,Bull
2018-06-01,HIGH,DOWNTREND,NORMAL_CORRELATION,Bull
2018-06-04,EXTREME,DOWNTREND,NORMAL_CORRELATION,Bull
2018-06-05,EXTREME,DOWNTREND,NORMAL_CORRELATION,Bull
2018-06-06,HIGH,DOWNTREND,NORMAL_CORRELATION,Bull
2018-06-07,HIGH,DOWNTREND,NORMAL_CORRELATION,Bull
2018-06-08,EXTREME,DOWNTREND,NORMAL_CORRELATION,Bull
2018-06-11,EXTREME,DOWNTREND,NORMAL_CORRELATION,Bull
2018-06-12,HIGH,DOWNTREND,NORMAL_CORRELATION,Bull
2018-06-13,NORMAL,DOWNTREND,NORMAL_CORRELATION,Bull
2018-06-14,NORMAL,DOWNTREND,NORMAL_CORRELATION,Bull
2018-06-15,HIGH,DOWNTREND,NORMAL_CORRELATION,Bull
2018-06-18,HIGH,DOWNTREND,NORMAL_CORRELATION,Bull
2018-06-19,HIGH,DOWNTREND,NORMAL_CORRELATION,Bull
2018-06-20,HIGH,DOWNTREND,NORMAL_CORRELATION,Bull
2018-06-21,NORMAL,RANGE_BOUND,NORMAL_CORRELATION,Bull
2018-06-22,HIGH,RANGE_BOUND,NORMAL_CORRELATION,Bull
2018-06-25,HIGH,RANGE_BOUND,NORMAL_CORRELATION,Bull
2018-06-26,HIGH,RANGE_BOUND,NORMAL_CORRELATION,Bull
2018-06-27,EXTREME,RANGE_BOUND,NORMAL_CORRELATION,Bull
2018-06-28,EXTREME,RANGE_BOUND,NORMAL_CORRELATION,Bull
2018-06-29,EXTREME,RANGE_BOUND,NORMAL_CORRELATION,Bull
2018-07-02,EXTREME,RANGE_BOUND,NORMAL_CORRELATION,Bull
2018-07-03,HIGH,UPTREND,NORMAL_CORRELATION,Bull
2018-07-04,EXTREME,UPTREND,NORMAL_CORRELATION,Bull
2018-07-05,EXTREME,UPTREND,NORMAL_CORRELATION,Bull
2018-07-06,EXTREME,UPTREND,NORMAL_CORRELATION,Bull
2018-07-09,EXTREME,UPTREND,NORMAL_CORRELATION,Bull
2018-07-10,EXTREME,UPTREND,NORMAL_CORRELATION,Bull
2018-07-11,EXTREME,UPTREND,NORMAL_CORRELATION,Bull
2018-07-12,EXTREME,UPTREND,NORMAL_CORRELATION,Bull
2018-07-13,EXTREME,RANGE_BOUND,NORMAL_CORRELATION,Neutral
2018-07-16,EXTREME,UPTREND,NORMAL_CORRELATION,Neutral
2018-07-17,EXTREME,UPTREND,NORMAL_CORRELATION,Bull
2018-07-18,EXTREME,UPTREND,NORMAL_CORRELATION,Bull
2018-07-19,EXTREME,UPTREND,NORMAL_CORRELATION,Neutral
2018-07-20,EXTREME,UPTREND,NORMAL_CORRELATION,Bull
2018-07-23,EXTREME,UPTREND,NORMAL_CORRELATION,Bull
2018-07-24,EXTREME,UPTREND,NORMAL_CORRELATION,Bull
2018-07-25,EXTREME,UPTREND,NORMAL_CORRELATION,Bull
2018-07-26,EXTREME,UPTREND,NORMAL_CORRELATION,Bull
2018-07-27,EXTREME,RANGE_BOUND,NORMAL_CORRELATION,Bull
2018-07-30,EXTREME,RANGE_BOUND,NORMAL_CORRELATION,Bull
2018-07-31,HIGH,RANGE_BOUND,NORMAL_CORRELATION,Bull
2018-08-01,EXTREME,RANGE_BOUND,NORMAL_CORRELATION,Bull
2018-08-02,EXTREME,RANGE_BOUND,NORMAL_CORRELATION,Bull
2018-08-03,EXTREME,RANGE_BOUND,NORMAL_CORRELATION,Bull
2018-08-06,EXTREME,RANGE_BOUND,NORMAL_CORRELATION,Bull
2018-08-07,EXTREME,RANGE_BOUND,NORMAL_CORRELATION,Neutral
2018-08-08,HIGH,RANGE_BOUND,NORMAL_CORRELATION,Bull
2018-08-09,EXTREME,UPTREND,NORMAL_CORRELATION,Bull
2018-08-10,HIGH,UPTREND,NORMAL_CORRELATION,Bull
2018-08-13,HIGH,RANGE_BOUND,NORMAL_CORRELATION,Bull
2018-08-14,HIGH,RANGE_BOUND,NORMAL_CORRELATION,Bull
2018-08-15,HIGH,RANGE_BOUND,NORMAL_CORRELATION,Bull
2018-08-16,HIGH,RANGE_BOUND,NORMAL_CORRELATION,Neutral
2018-08-17,HIGH,RANGE_BOUND,NORMAL_CORRELATION,Bull
2018-08-20,HIGH,RANGE_BOUND,NORMAL_CORRELATION,Bull
2018-08-21,HIGH,RANGE_BOUND,NORMAL_CORRELATION,Bull
2018-08-22,HIGH,RANGE_BOUND,NORMAL_CORRELATION,Bull
2018-08-23,HIGH,RANGE_BOUND,NORMAL_CORRELATION,Bull
2018-08-24,HIGH,RANGE_BOUND,NORMAL_CORRELATION,Bull
2018-08-27,HIGH,RANGE_BOUND,NORMAL_CORRELATION,Bull
2018-08-28,HIGH,RANGE_BOUND,NORMAL_CORRELATION,Bull
2018-08-29,HIGH,RANGE_BOUND,NORMAL_CORRELATION,Bull
2018-08-30,HIGH,RANGE_BOUND,NORMAL_CORRELATION,Bull
2018-08-31,HIGH,RANGE_BOUND,NORMAL_CORRELATION,Bull
2018-09-03,HIGH,UPTREND,NORMAL_CORRELATION,Bull
2018-09-04,HIGH,RANGE_BOUND,NORMAL_CORRELATION,Bull
2018-09-05,HIGH,RANGE_BOUND,NORMAL_CORRELATION,Bull
2018-09-06,HIGH,RANGE_BOUND,NORMAL_CORRELATION,Bull
2018-09-07,NORMAL,RANGE_BOUND,NORMAL_CORRELATION,Bull
2018-09-10,NORMAL,RANGE_BOUND,NORMAL_CORRELATION,Bull
2018-09-11,HIGH,RANGE_BOUND,NORMAL_CORRELATION,Bull
2018-09-12,NORMAL,UPTREND,NORMAL_CORRELATION,Bull
2018-09-13,NORMAL,UPTREND,NORMAL_CORRELATION,Bull
2018-09-14,NORMAL,UPTREND,NORMAL_CORRELATION,Bull
2018-09-17,NORMAL,UPTREND,NORMAL_CORRELATION,Bull
2018-09-18,NORMAL,UPTREND,NORMAL_CORRELATION,Bull
2018-09-19,NORMAL,UPTREND,NORMAL_CORRELATION,Bull
2018-09-20,NORMAL,UPTREND,NORMAL_CORRELATION,Bull
2018-09-21,NORMAL,UPTREND,NORMAL_CORRELATION,Bull
2018-09-24,HIGH,UPTREND,NORMAL_CORRELATION,Bull
2018-09-25,HIGH,UPTREND,NORMAL_CORRELATION,Neutral
2018-09-26,HIGH,UPTREND,NORMAL_CORRELATION,Bull
2018-09-27,HIGH,UPTREND,NORMAL_CORRELATION,Bull
2018-09-28,HIGH,UPTREND,NORMAL_CORRELATION,Bull
2018-10-01,HIGH,UPTREND,NORMAL_CORRELATION,Bull
2018-10-02,HIGH,UPTREND,NORMAL_CORRELATION,Bull
2018-10-03,HIGH,UPTREND,NORMAL_CORRELATION,Bull
2018-10-04,HIGH,UPTREND,NORMAL_CORRELATION,Bull
2018-10-05,HIGH,UPTREND,NORMAL_CORRELATION,Bull
2018-10-08,HIGH,UPTREND,NORMAL_CORRELATION,Bull
2018-10-09,HIGH,UPTREND,NORMAL_CORRELATION,Bull
2018-10-10,HIGH,UPTREND,NORMAL_CORRELATION,Bull
2018-10-11,HIGH,UPTREND,NORMAL_CORRELATION,Bull
2018-10-12,HIGH,UPTREND,NORMAL_CORRELATION,Bull
2018-10-15,HIGH,UPTREND,NORMAL_CORRELATION,Neutral
2018-10-16,HIGH,UPTREND,NORMAL_CORRELATION,Bull
2018-10-17,HIGH,UPTREND,NORMAL_CORRELATION,Bull
2018-10-18,HIGH,UPTREND,NORMAL_CORRELATION,Bull
2018-10-19,HIGH,UPTREND,NORMAL_CORRELATION,Bull
2018-10-22,HIGH,UPTREND,NORMAL_CORRELATION,Bull
2018-10-23,NORMAL,UPTREND,NORMAL_CORRELATION,Bull
2018-10-24,NORMAL,UPTREND,NORMAL_CORRELATION,Bull
2018-10-25,NORMAL,RANGE_BOUND,NORMAL_CORRELATION,Bull
2018-10-26,NORMAL,RANGE_BOUND,NORMAL_CORRELATION,Bull
2018-10-29,NORMAL,RANGE_BOUND,NORMAL_CORRELATION,Bull
2018-10-30,NORMAL,RANGE_BOUND,NORMAL_CORRELATION,Bull
2018-10-31,NORMAL,RANGE_BOUND,NORMAL_CORRELATION,Bull
2018-11-01,NORMAL,RANGE_BOUND,NORMAL_CORRELATION,Bull
2018-11-02,NORMAL,RANGE_BOUND,NORMAL_CORRELATION,Bull
2018-11-05,NORMAL,RANGE_BOUND,NORMAL_CORRELATION,Bull
2018-11-06,NORMAL,RANGE_BOUND,NORMAL_CORRELATION,Bull
2018-11-07,NORMAL,RANGE_BOUND,NORMAL_CORRELATION,Bull
2018-11-08,NORMAL,RANGE_BOUND,NORMAL_CORRELATION,Bull
2018-11-09,NORMAL,RANGE_BOUND,NORMAL_CORRELATION,Bull
2018-11-12,NORMAL,RANGE_BOUND,NORMAL_CORRELATION,Bull
2018-11-13,LOW,RANGE_BOUND,NORMAL_CORRELATION,Bull
2018-11-14,NORMAL,RANGE_BOUND,NORMAL_CORRELATION,Neutral
2018-11-15,HIGH,RANGE_BOUND,NORMAL_CORRELATION,Neutral
2018-11-16,HIGH,RANGE_BOUND,NORMAL_CORRELATION,Bull
2018-11-19,NORMAL,RANGE_BOUND,NORMAL_CORRELATION,Bull
2018-11-20,HIGH,UPTREND,NORMAL_CORRELATION,Bull
2018-11-21,HIGH,UPTREND,NORMAL_CORRELATION,Bull
2018-11-22,NORMAL,UPTREND,NORMAL_CORRELATION,Bull
2018-11-23,HIGH,UPTREND,NORMAL_CORRELATION,Bull
2018-11-26,HIGH,UPTREND,NORMAL_CORRELATION,Bull
2018-11-27,HIGH,UPTREND,NORMAL_CORRELATION,Bull
2018-11-28,HIGH,UPTREND,NORMAL_CORRELATION,Neutral
2018-11-29,HIGH,UPTREND,NORMAL_CORRELATION,Bull
2018-11-30,HIGH,UPTREND,NORMAL_CORRELATION,Bull
2018-12-03,HIGH,UPTREND,NORMAL_CORRELATION,Bull
2018-12-04,HIGH,UPTREND,NORMAL_CORRELATION,Bull
2018-12-05,HIGH,RANGE_BOUND,NORMAL_CORRELATION,Bull
2018-12-06,HIGH,RANGE_BOUND,NORMAL_CORRELATION,Bull
2018-12-07,HIGH,RANGE_BOUND,NORMAL_CORRELATION,Bull
2018-12-10,EXTREME,RANGE_BOUND,NORMAL_CORRELATION,Neutral
2018-12-11,EXTREME,RANGE_BOUND,NORMAL_CORRELATION,Bull
2018-12-12,EXTREME,DOWNTREND,NORMAL_CORRELATION,Bull
2018-12-13,EXTREME,DOWNTREND,NORMAL_CORRELATION,Neutral
2018-12-14,EXTREME,DOWNTREND,NORMAL_CORRELATION,Neutral
2018-12-17,EXTREME,DOWNTREND,NORMAL_CORRELATION,Bull
2018-12-18,EXTREME,DOWNTREND,NORMAL_CORRELATION,Bull
2018-12-19,EXTREME,DOWNTREND,NORMAL_CORRELATION,Bull
2018-12-20,EXTREME,DOWNTREND,NORMAL_CORRELATION,Neutral
2018-12-21,EXTREME,DOWNTREND,NORMAL_CORRELATION,Bull
2018-12-24,EXTREME,DOWNTREND,NORMAL_CORRELATION,Bull
2018-12-25,EXTREME,DOWNTREND,NORMAL_CORRELATION,Bull
2018-12-26,EXTREME,DOWNTREND,NORMAL_CORRELATION,Bull
2018-12-27,EXTREME,RANGE_BOUND,NORMAL_CORRELATION,Bull
2018-12-28,EXTREME,RANGE_BOUND,NORMAL_CORRELATION,Bull
2018-12-31,EXTREME,RANGE_BOUND,NORMAL_CORRELATION,Bull
2019-01-01,EXTREME,RANGE_BOUND,NORMAL_CORRELATION,Bull
2019-01-02,HIGH,RANGE_BOUND,NORMAL_CORRELATION,Bull
2019-01-03,HIGH,RANGE_BOUND,NORMAL_CORRELATION,Bull
2019-01-04,HIGH,UPTREND,NORMAL_CORRELATION,Bull
2019-01-07,HIGH,UPTREND,NORMAL_CORRELATION,Bull
2019-01-08,HIGH,UPTREND,NORMAL_CORRELATION,Bull
2019-01-09,HIGH,UPTREND,NORMAL_CORRELATION,Bull
2019-01-10,HIGH,UPTREND,NORMAL_CORRELATION,Bull
2019-01-11,NORMAL,UPTREND,NORMAL_CORRELATION,Bull
2019-01-14,LOW,UPTREND,NORMAL_CORRELATION,Bull
2019-01-15,LOW,UPTREND,NORMAL_CORRELATION,Bull
2019-01-16,LOW,UPTREND,NORMAL_CORRELATION,Bull
2019-01-17,LOW,UPTREND,NORMAL_CORRELATION,Bull
2019-01-18,LOW,UPTREND,NORMAL_CORRELATION,Neutral
2019-01-21,LOW,UPTREND,NORMAL_CORRELATION,Bull
2019-01-22,LOW,UPTREND,NORMAL_CORRELATION,Bull
2019-01-23,LOW,UPTREND,NORMAL_CORRELATION,Bull
2019-01-24,NORMAL,UPTREND,NORMAL_CORRELATION,Bull
2019-01-25,NORMAL,UPTREND,NORMAL_CORRELATION,Bull
2019-01-28,NORMAL,UPTREND,NORMAL_CORRELATION,Bull
2019-01-29,LOW,UPTREND,NORMAL_CORRELATION,Bull
2019-01-30,NORMAL,UPTREND,NORMAL_CORRELATION,Bull
2019-01-31,NORMAL,UPTREND,NORMAL_CORRELATION,Bull
2019-02-01,NORMAL,UPTREND,NORMAL_CORRELATION,Bull
2019-02-04,NORMAL,UPTREND,NORMAL_CORRELATION,Bull
2019-02-05,NORMAL,UPTREND,NORMAL_CORRELATION,Bull
2019-02-06,NORMAL,UPTREND,NORMAL_CORRELATION,Bull
2019-02-07,NORMAL,UPTREND,NORMAL_CORRELATION,Bull
2019-02-08,NORMAL,UPTREND,NORMAL_CORRELATION,Bull
2019-02-11,NORMAL,UPTREND,NORMAL_CORRELATION,Bull
2019-02-12,NORMAL,UPTREND,NORMAL_CORRELATION,Bull
2019-02-13,NORMAL,UPTREND,NORMAL_CORRELATION,Bull
2019-02-14,NORMAL,UPTREND,NORMAL_CORRELATION,Bull
2019-02-15,HIGH,UPTREND,NORMAL_CORRELATION,Neutral
2019-02-18,NORMAL,UPTREND,NORMAL_CORRELATION,Bull
2019-02-19,NORMAL,UPTREND,NORMAL_CORRELATION,Bull
2019-02-20,NORMAL,UPTREND,NORMAL_CORRELATION,Bull
2019-02-21,NORMAL,UPTREND,NORMAL_CORRELATION,Bull
2019-02-22,NORMAL,RANGE_BOUND,NORMAL_CORRELATION,Bull
2019-02-25,NORMAL,RANGE_BOUND,NORMAL_CORRELATION,Bull
2019-02-26,NORMAL,RANGE_BOUND,NORMAL_CORRELATION,Neutral
2019-02-27,HIGH,RANGE_BOUND,NORMAL_CORRELATION,Bull
2019-02-28,NORMAL,RANGE_BOUND,NORMAL_CORRELATION,Bull
2019-03-01,NORMAL,RANGE_BOUND,NORMAL_CORRELATION,Bull
2019-03-04,NORMAL,RANGE_BOUND,NORMAL_CORRELATION,Bull
2019-03-05,NORMAL,RANGE_BOUND,NORMAL_CORRELATION,Bull
2019-03-06,NORMAL,RANGE_BOUND,NORMAL_CORRELATION,Bull
2019-03-07,HIGH,RANGE_BOUND,NORMAL_CORRELATION,Bull
2019-03-08,HIGH,RANGE_BOUND,NORMAL_CORRELATION,Bull
2019-03-11,HIGH,RANGE_BOUND,NORMAL_CORRELATION,Neutral
2019-03-12,HIGH,RANGE_BOUND,NORMAL_CORRELATION,Bull
2019-03-13,HIGH,RANGE_BOUND,NORMAL_CORRELATION,Bull
2019-03-14,HIGH,RANGE_BOUND,NORMAL_CORRELATION,Neutral
2019-03-15,HIGH,UPTREND,NORMAL_CORRELATION,Bull
2019-03-18,NORMAL,UPTREND,NORMAL_CORRELATION,Bull
2019-03-19,NORMAL,UPTREND,NORMAL_CORRELATION,Bull
2019-03-20,NORMAL,UPTREND,NORMAL_CORRELATION,Bull
2019-03-21,NORMAL,UPTREND,NORMAL_CORRELATION,Bull
2019-03-22,NORMAL,UPTREND,NORMAL_CORRELATION,Bull
2019-03-25,NORMAL,STRONG_UPTREND,NORMAL_CORRELATION,Bull
2019-03-26,NORMAL,STRONG_UPTREND,NORMAL_CORRELATION,Bull
2019-03-27,NORMAL,STRONG_UPTREND,NORMAL_CORRELATION,Bull
2019-03-28,NORMAL,STRONG_UPTREND,NORMAL_CORRELATION,Bull
2019-03-29,NORMAL,STRONG_UPTREND,NORMAL_CORRELATION,Bull
2019-04-01,NORMAL,STRONG_UPTREND,NORMAL_CORRELATION,Neutral
2019-04-02,NORMAL,STRONG_UPTREND,NORMAL_CORRELATION,Bull
2019-04-03,NORMAL,STRONG_UPTREND,NORMAL_CORRELATION,Bull
2019-04-04,NORMAL,STRONG_UPTREND,NORMAL_CORRELATION,Bull
2019-04-05,NORMAL,STRONG_UPTREND,NORMAL_CORRELATION,Bull
2019-04-08,NORMAL,STRONG_UPTREND,NORMAL_CORRELATION,Bull
2019-04-09,NORMAL,STRONG_UPTREND,NORMAL_CORRELATION,Bull
2019-04-10,NORMAL,STRONG_UPTREND,NORMAL_CORRELATION,Bull
2019-04-11,NORMAL,STRONG_UPTREND,NORMAL_CORRELATION,Bull
2019-04-12,NORMAL,STRONG_UPTREND,NORMAL_CORRELATION,Bull
2019-04-15,NORMAL,STRONG_UPTREND,NORMAL_CORRELATION,Bull
2019-04-16,NORMAL,UPTREND,NORMAL_CORRELATION,Bull
2019-04-17,NORMAL,UPTREND,NORMAL_CORRELATION,Bull
2019-04-18,NORMAL,UPTREND,NORMAL_CORRELATION,Bull
2019-04-19,NORMAL,UPTREND,NORMAL_CORRELATION,Bull
2019-04-22,NORMAL,UPTREND,NORMAL_CORRELATION,Bull
2019-04-23,HIGH,UPTREND,NORMAL_CORRELATION,Neutral
2019-04-24,HIGH,UPTREND,NORMAL_CORRELATION,Bull
2019-04-25,HIGH,UPTREND,NORMAL_CORRELATION,Bull
2019-04-26,NORMAL,UPTREND,NORMAL_CORRELATION,Bull
2019-04-29,HIGH,UPTREND,NORMAL_CORRELATION,Bull
2019-04-30,HIGH,UPTREND,NORMAL_CORRELATION,Neutral
2019-05-01,HIGH,RANGE_BOUND,NORMAL_CORRELATION,Bull
2019-05-02,NORMAL,RANGE_BOUND,NORMAL_CORRELATION,Bull
2019-05-03,HIGH,RANGE_BOUND,NORMAL_CORRELATION,Bull
2019-05-06,HIGH,RANGE_BOUND,NORMAL_CORRELATION,Bull
2019-05-07,HIGH,RANGE_BOUND,NORMAL_CORRELATION,Bull
2019-05-08,HIGH,RANGE_BOUND,NORMAL_CORRELATION,Bull
2019-05-09,HIGH,RANGE_BOUND,NORMAL_CORRELATION,Bull
2019-05-10,HIGH,RANGE_BOUND,NORMAL_CORRELATION,Bull
2019-05-13,HIGH,RANGE_BOUND,NORMAL_CORRELATION,Bull
2019-05-14,HIGH,RANGE_BOUND,NORMAL_CORRELATION,Bull
2019-05-15,NORMAL,UPTREND,NORMAL_CORRELATION,Bull
2019-05-16,NORMAL,UPTREND,NORMAL_CORRELATION,Bull
2019-05-17,NORMAL,UPTREND,NORMAL_CORRELATION,Bull
2019-05-20,NORMAL,UPTREND,NORMAL_CORRELATION,Bull
2019-05-21,NORMAL,UPTREND,NORMAL_CORRELATION,Bull
2019-05-22,LOW,UPTREND,NORMAL_CORRELATION,Bull
2019-05-23,NORMAL,UPTREND,NORMAL_CORRELATION,Bull
2019-05-24,NORMAL,UPTREND,NORMAL_CORRELATION,Bull
2019-05-27,NORMAL,UPTREND,NORMAL_CORRELATION,Bull
2019-05-28,NORMAL,UPTREND,NORMAL_CORRELATION,Bull
2019-05-29,LOW,UPTREND,NORMAL_CORRELATION,Bull
2019-05-30,LOW,UPTREND,NORMAL_CORRELATION,Bull
2019-05-31,LOW,UPTREND,NORMAL_CORRELATION,Bull
2019-06-03,LOW,UPTREND,NORMAL_CORRELATION,Bull
2019-06-04,LOW,UPTREND,NORMAL_CORRELATION,Bull
2019-06-05,LOW,UPTREND,NORMAL_CORRELATION,Bull
2019-06-06,LOW,UPTREND,NORMAL_CORRELATION,Bull
2019-06-07,LOW,UPTREND,NORMAL_CORRELATION,Bull
2019-06-10,LOW,UPTREND,NORMAL_CORRELATION,Bull
2019-06-11,LOW,UPTREND,NORMAL_CORRELATION,Neutral
2019-06-12,LOW,UPTREND,NORMAL_CORRELATION,Bull
2019-06-13,NORMAL,UPTREND,NORMAL_CORRELATION,Neutral
2019-06-14,NORMAL,STRONG_UPTREND,NORMAL_CORRELATION,Bull
2019-06-17,NORMAL,STRONG_UPTREND,NORMAL_CORRELATION,Bull
2019-06-18,NORMAL,STRONG_UPTREND,NORMAL_CORRELATION,Bull
2019-06-19,NORMAL,STRONG_UPTREND,NORMAL_CORRELATION,Bull
2019-06-20,HIGH,STRONG_UPTREND,NORMAL_CORRELATION,Bull
2019-06-21,HIGH,STRONG_UPTREND,NORMAL_CORRELATION,Bull
2019-06-24,HIGH,STRONG_UPTREND,NORMAL_CORRELATION,Bull
2019-06-25,HIGH,UPTREND,NORMAL_CORRELATION,Bull
2019-06-26,HIGH,UPTREND,NORMAL_CORRELATION,Bull
2019-06-27,HIGH,UPTREND,NORMAL_CORRELATION,Bull
2019-06-28,HIGH,UPTREND,NORMAL_CORRELATION,Bull
2019-07-01,HIGH,UPTREND,NORMAL_CORRELATION,Bull
2019-07-02,HIGH,UPTREND,NORMAL_CORRELATION,Neutral
2019-07-03,HIGH,UPTREND,NORMAL_CORRELATION,Bull
2019-07-04,HIGH,UPTREND,NORMAL_CORRELATION,Bull
2019-07-05,HIGH,UPTREND,NORMAL_CORRELATION,Bull
2019-07-08,HIGH,RANGE_BOUND,NORMAL_CORRELATION,Bull
2019-07-09,HIGH,RANGE_BOUND,NORMAL_CORRELATION,Bull
2019-07-10,NORMAL,RANGE_BOUND,NORMAL_CORRELATION,Bull
2019-07-11,NORMAL,RANGE_BOUND,NORMAL_CORRELATION,Bull
2019-07-12,NORMAL,RANGE_BOUND,NORMAL_CORRELATION,Bull
2019-07-15,NORMAL,RANGE_BOUND,NORMAL_CORRELATION,Bull
2019-07-16,NORMAL,DOWNTREND,NORMAL_CORRELATION,Bull
2019-07-17,NORMAL,DOWNTREND,NORMAL_CORRELATION,Bull
2019-07-18,HIGH,DOWNTREND,NORMAL_CORRELATION,Neutral
2019-07-19,HIGH,DOWNTREND,NORMAL_CORRELATION,Neutral
2019-07-22,HIGH,RANGE_BOUND,NORMAL_CORRELATION,Bull
2019-07-23,HIGH,RANGE_BOUND,NORMAL_CORRELATION,Bull
2019-07-24,HIGH,RANGE_BOUND,NORMAL_CORRELATION,Bull
2019-07-25,EXTREME,RANGE_BOUND,NORMAL_CORRELATION,Neutral
2019-07-26,EXTREME,RANGE_BOUND,NORMAL_CORRELATION,Bear
2019-07-29,EXTREME,DOWNTREND,NORMAL_CORRELATION,Bear
2019-07-30,EXTREME,DOWNTREND,NORMAL_CORRELATION,Bear
2019-07-31,EXTREME,DOWNTREND,NORMAL_CORRELATION,Bear
2019-08-01,EXTREME,DOWNTREND,NORMAL_CORRELATION,Neutral
2019-08-02,EXTREME,DOWNTREND,NORMAL_CORRELATION,Neutral
2019-08-05,EXTREME,STRONG_DOWNTREND,NORMAL_CORRELATION,Neutral
2019-08-06,EXTREME,STRONG_DOWNTREND,NORMAL_CORRELATION,Bull
2019-08-07,EXTREME,STRONG_DOWNTREND,NORMAL_CORRELATION,Bear
2019-08-08,EXTREME,STRONG_DOWNTREND,NORMAL_CORRELATION,Bear
2019-08-09,EXTREME,STRONG_DOWNTREND,NORMAL_CORRELATION,Bull
2019-08-12,EXTREME,STRONG_DOWNTREND,NORMAL_CORRELATION,Bear
2019-08-13,EXTREME,DOWNTREND,NORMAL_CORRELATION,Bull
2019-08-14,EXTREME,DOWNTREND,NORMAL_CORRELATION,Bear
2019-08-15,EXTREME,DOWNTREND,NORMAL_CORRELATION,Neutral
2019-08-16,EXTREME,DOWNTREND,NORMAL_CORRELATION,Bear
2019-08-19,EXTREME,DOWNTREND,NORMAL_CORRELATION,Bear
2019-08-20,EXTREME,DOWNTREND,NORMAL_CORRELATION,Neutral
2019-08-21,EXTREME,DOWNTREND,NORMAL_CORRELATION,Neutral
2019-08-22,EXTREME,DOWNTREND,NORMAL_CORRELATION,Bear
2019-08-23,EXTREME,DOWNTREND,NORMAL_CORRELATION,Bear
2019-08-26,EXTREME,DOWNTREND,NORMAL_CORRELATION,Bull
2019-08-27,EXTREME,DOWNTREND,NORMAL_CORRELATION,Bear
2019-08-28,EXTREME,DOWNTREND,NORMAL_CORRELATION,Bull
2019-08-29,HIGH,DOWNTREND,NORMAL_CORRELATION,Bull
2019-08-30,HIGH,DOWNTREND,NORMAL_CORRELATION,Bear
2019-09-02,HIGH,DOWNTREND,NORMAL_CORRELATION,Neutral
2019-09-03,HIGH,DOWNTREND,NORMAL_CORRELATION,Neutral
2019-09-04,HIGH,DOWNTREND,NORMAL_CORRELATION,Neutral
2019-09-05,HIGH,DOWNTREND,NORMAL_CORRELATION,Bear
2019-09-06,HIGH,STRONG_DOWNTREND,NORMAL_CORRELATION,Neutral
2019-09-09,HIGH,STRONG_DOWNTREND,NORMAL_CORRELATION,Bull
2019-09-10,HIGH,STRONG_DOWNTREND,NORMAL_CORRELATION,Bull
2019-09-11,HIGH,STRONG_DOWNTREND,NORMAL_CORRELATION,Bull
2019-09-12,HIGH,STRONG_DOWNTREND,NORMAL_CORRELATION,Bull
2019-09-13,HIGH,STRONG_DOWNTREND,NORMAL_CORRELATION,Bear
2019-09-16,HIGH,STRONG_DOWNTREND,NORMAL_CORRELATION,Neutral
2019-09-17,HIGH,STRONG_DOWNTREND,NORMAL_CORRELATION,Bear
2019-09-18,HIGH,STRONG_DOWNTREND,NORMAL_CORRELATION,Neutral
2019-09-19,HIGH,STRONG_DOWNTREND,NORMAL_CORRELATION,Neutral
2019-09-20,HIGH,STRONG_DOWNTREND,NORMAL_CORRELATION,Bear
2019-09-23,HIGH,STRONG_DOWNTREND,NORMAL_CORRELATION,Bull
2019-09-24,HIGH,DOWNTREND,NORMAL_CORRELATION,Bull
2019-09-25,HIGH,DOWNTREND,NORMAL_CORRELATION,Bull
2019-09-26,HIGH,DOWNTREND,NORMAL_CORRELATION,Bear
2019-09-27,EXTREME,DOWNTREND,NORMAL_CORRELATION,Bear
2019-09-30,HIGH,DOWNTREND,NORMAL_CORRELATION,Bull
2019-10-01,HIGH,DOWNTREND,NORMAL_CORRELATION,Bull
2019-10-02,HIGH,DOWNTREND,NORMAL_CORRELATION,Bear
2019-10-03,HIGH,RANGE_BOUND,NORMAL_CORRELATION,Bear
2019-10-04,HIGH,UPTREND,NORMAL_CORRELATION,Bull
2019-10-07,HIGH,UPTREND,NORMAL_CORRELATION,Bull
2019-10-08,HIGH,UPTREND,NORMAL_CORRELATION,Bull
2019-10-09,HIGH,UPTREND,NORMAL_CORRELATION,Bear
2019-10-10,HIGH,UPTREND,NORMAL_CORRELATION,Bear
2019-10-11,EXTREME,UPTREND,NORMAL_CORRELATION,Bear
2019-10-14,EXTREME,UPTREND,NORMAL_CORRELATION,Bear
2019-10-15,EXTREME,UPTREND,NORMAL_CORRELATION,Neutral
2019-10-16,EXTREME,UPTREND,NORMAL_CORRELATION,Neutral
2019-10-17,EXTREME,UPTREND,NORMAL_CORRELATION,Bear
2019-10-18,EXTREME,UPTREND,NORMAL_CORRELATION,Bear
2019-10-21,EXTREME,RANGE_BOUND,NORMAL_CORRELATION,Bear
2019-10-22,EXTREME,DOWNTREND,NORMAL_CORRELATION,Bull
2019-10-23,EXTREME,DOWNTREND,NORMAL_CORRELATION,Neutral
2019-10-24,EXTREME,DOWNTREND,NORMAL_CORRELATION,Neutral
2019-10-25,HIGH,DOWNTREND,NORMAL_CORRELATION,Bull
2019-10-28,HIGH,DOWNTREND,NORMAL_CORRELATION,Neutral
2019-10-29,HIGH,DOWNTREND,NORMAL_CORRELATION,Neutral
2019-10-30,HIGH,DOWNTREND,NORMAL_CORRELATION,Neutral
2019-10-31,HIGH,DOWNTREND,NORMAL_CORRELATION,Bear
2019-11-01,HIGH,DOWNTREND,NORMAL_CORRELATION,Bull
2019-11-04,EXTREME,DOWNTREND,NORMAL_CORRELATION,Bear
2019-11-05,EXTREME,DOWNTREND,NORMAL_CORRELATION,Bull
2019-11-06,EXTREME,DOWNTREND,NORMAL_CORRELATION,Bear
2019-11-07,EXTREME,DOWNTREND,NORMAL_CORRELATION,Bull
2019-11-08,HIGH,DOWNTREND,NORMAL_CORRELATION,Neutral
2019-11-11,HIGH,DOWNTREND,NORMAL_CORRELATION,Bull
2019-11-12,HIGH,DOWNTREND,NORMAL_CORRELATION,Bull
2019-11-13,HIGH,RANGE_BOUND,NORMAL_CORRELATION,Bear
2019-11-14,HIGH,UPTREND,NORMAL_CORRELATION,Bull
2019-11-15,NORMAL,UPTREND,NORMAL_CORRELATION,Bear
2019-11-18,NORMAL,UPTREND,NORMAL_CORRELATION,Neutral
2019-11-19,NORMAL,UPTREND,NORMAL_CORRELATION,Bear
2019-11-20,NORMAL,UPTREND,NORMAL_CORRELATION,Bull
2019-11-21,NORMAL,UPTREND,NORMAL_CORRELATION,Neutral
2019-11-22,NORMAL,UPTREND,NORMAL_CORRELATION,Bull
2019-11-25,NORMAL,UPTREND,NORMAL_CORRELATION,Neutral
2019-11-26,NORMAL,UPTREND,NORMAL_CORRELATION,Neutral
2019-11-27,HIGH,UPTREND,NORMAL_CORRELATION,Bear
2019-11-28,HIGH,UPTREND,NORMAL_CORRELATION,Neutral
2019-11-29,HIGH,UPTREND,NORMAL_CORRELATION,Bear
2019-12-02,HIGH,UPTREND,NORMAL_CORRELATION,Bear
2019-12-03,HIGH,UPTREND,NORMAL_CORRELATION,Bear
2019-12-04,HIGH,RANGE_BOUND,NORMAL_CORRELATION,Neutral
2019-12-05,HIGH,DOWNTREND,NORMAL_CORRELATION,Bear
2019-12-06,HIGH,DOWNTREND,NORMAL_CORRELATION,Bear
2019-12-09,EXTREME,DOWNTREND,NORMAL_CORRELATION,Bear
2019-12-10,EXTREME,DOWNTREND,NORMAL_CORRELATION,Neutral
2019-12-11,EXTREME,DOWNTREND,NORMAL_CORRELATION,Bear
2019-12-12,EXTREME,DOWNTREND,NORMAL_CORRELATION,Bull
2019-12-13,EXTREME,DOWNTREND,NORMAL_CORRELATION,Neutral
2019-12-16,EXTREME,DOWNTREND,NORMAL_CORRELATION,Bull
2019-12-17,EXTREME,DOWNTREND,NORMAL_CORRELATION,Bear
2019-12-18,EXTREME,DOWNTREND,NORMAL_CORRELATION,Neutral
2019-12-19,EXTREME,DOWNTREND,NORMAL_CORRELATION,Bull
2019-12-20,EXTREME,DOWNTREND,NORMAL_CORRELATION,Bull
2019-12-23,EXTREME,DOWNTREND,NORMAL_CORRELATION,Neutral
2019-12-24,EXTREME,DOWNTREND,NORMAL_CORRELATION,Bull
2019-12-25,EXTREME,DOWNTREND,NORMAL_CORRELATION,Neutral
2019-12-26,EXTREME,DOWNTREND,NORMAL_CORRELATION,Neutral
2019-12-27,EXTREME,DOWNTREND,NORMAL_CORRELATION,Neutral
2019-12-30,EXTREME,DOWNTREND,NORMAL_CORRELATION,Bear
2019-12-31,HIGH,DOWNTREND,NORMAL_CORRELATION,Bear
2020-01-01,HIGH,DOWNTREND,NORMAL_CORRELATION,Bear
2020-01-02,HIGH,DOWNTREND,NORMAL_CORRELATION,Bear
2020-01-03,HIGH,DOWNTREND,NORMAL_CORRELATION,Bull
2020-01-06,HIGH,DOWNTREND,NORMAL_CORRELATION,Bear
2020-01-07,HIGH,DOWNTREND,NORMAL_CORRELATION,Neutral
2020-01-08,HIGH,DOWNTREND,NORMAL_CORRELATION,Bear
2020-01-09,NORMAL,DOWNTREND,NORMAL_CORRELATION,Bull
2020-01-10,NORMAL,DOWNTREND,NORMAL_CORRELATION,Bull
2020-01-13,NORMAL,RANGE_BOUND,NORMAL_CORRELATION,Bear
2020-01-14,NORMAL,UPTREND,NORMAL_CORRELATION,Neutral
2020-01-15,NORMAL,UPTREND,NORMAL_CORRELATION,Bear
2020-01-16,NORMAL,UPTREND,NORMAL_CORRELATION,Neutral
2020-01-17,NORMAL,UPTREND,NORMAL_CORRELATION,Bull
2020-01-20,NORMAL,UPTREND,NORMAL_CORRELATION,Bear
2020-01-21,NORMAL,UPTREND,NORMAL_CORRELATION,Neutral
2020-01-22,NORMAL,UPTREND,NORMAL_CORRELATION,Neutral
2020-01-23,HIGH,UPTREND,NORMAL_CORRELATION,Bear
2020-01-24,HIGH,UPTREND,NORMAL_CORRELATION,Bear
2020-01-27,HIGH,UPTREND,NORMAL_CORRELATION,Bear
2020-01-28,HIGH,RANGE_BOUND,NORMAL_CORRELATION,Bear
2020-01-29,HIGH,RANGE_BOUND,NORMAL_CORRELATION,Bear
2020-01-30,HIGH,DOWNTREND,NORMAL_CORRELATION,Bull
2020-01-31,HIGH,DOWNTREND,NORMAL_CORRELATION,Bull
2020-02-03,HIGH,DOWNTREND,NORMAL_CORRELATION,Bull
2020-02-04,NORMAL,DOWNTREND,NORMAL_CORRELATION,Bull
2020-02-05,NORMAL,DOWNTREND,NORMAL_CORRELATION,Bull
2020-02-06,NORMAL,DOWNTREND,NORMAL_CORRELATION,Bear
2020-02-07,NORMAL,DOWNTREND,NORMAL_CORRELATION,Neutral
2020-02-10,NORMAL,DOWNTREND,NORMAL_CORRELATION,Neutral
2020-02-11,NORMAL,DOWNTREND,NORMAL_CORRELATION,Bull
2020-02-12,NORMAL,DOWNTREND,NORMAL_CORRELATION,Bull
2020-02-13,NORMAL,DOWNTREND,NORMAL_CORRELATION,Bull
2020-02-14,NORMAL,DOWNTREND,NORMAL_CORRELATION,Neutral
2020-02-17,NORMAL,DOWNTREND,NORMAL_CORRELATION,Bull
2020-02-18,NORMAL,DOWNTREND,NORMAL_CORRELATION,Bull
2020-02-19,NORMAL,DOWNTREND,NORMAL_CORRELATION,Bull
2020-02-20,NORMAL,DOWNTREND,NORMAL_CORRELATION,Bull
2020-02-21,NORMAL,DOWNTREND,NORMAL_CORRELATION,Bull
2020-02-24,NORMAL,DOWNTREND,NORMAL_CORRELATION,Bull
2020-02-25,NORMAL,DOWNTREND,NORMAL_CORRELATION,Bull
2020-02-26,NORMAL,DOWNTREND,NORMAL_CORRELATION,Bull
2020-02-27,NORMAL,DOWNTREND,NORMAL_CORRELATION,Bull
2020-02-28,NORMAL,DOWNTREND,NORMAL_CORRELATION,Bull
2020-03-02,NORMAL,DOWNTREND,NORMAL_CORRELATION,Bull
2020-03-03,NORMAL,DOWNTREND,NORMAL_CORRELATION,Bull
2020-03-04,NORMAL,DOWNTREND,NORMAL_CORRELATION,Bull
2020-03-05,NORMAL,DOWNTREND,NORMAL_CORRELATION,Bull
2020-03-06,NORMAL,RANGE_BOUND,NORMAL_CORRELATION,Bull
2020-03-09,LOW,RANGE_BOUND,NORMAL_CORRELATION,Bull
2020-03-10,LOW,RANGE_BOUND,NORMAL_CORRELATION,Neutral
2020-03-11,LOW,RANGE_BOUND,NORMAL_CORRELATION,Bull
2020-03-12,LOW,RANGE_BOUND,NORMAL_CORRELATION,Bull
2020-03-13,LOW,RANGE_BOUND,NORMAL_CORRELATION,Bull
2020-03-16,LOW,RANGE_BOUND,NORMAL_CORRELATION,Bull
2020-03-17,LOW,DOWNTREND,NORMAL_CORRELATION,Neutral
2020-03-18,LOW,DOWNTREND,NORMAL_CORRELATION,Neutral
2020-03-19,NORMAL,DOWNTREND,NORMAL_CORRELATION,Bull
2020-03-20,NORMAL,DOWNTREND,NORMAL_CORRELATION,Bull
2020-03-23,LOW,DOWNTREND,NORMAL_CORRELATION,Bull
2020-03-24,NORMAL,DOWNTREND,NORMAL_CORRELATION,Neutral
2020-03-25,NORMAL,DOWNTREND,NORMAL_CORRELATION,Bull
2020-03-26,NORMAL,DOWNTREND,NORMAL_CORRELATION,Bull
2020-03-27,NORMAL,DOWNTREND,NORMAL_CORRELATION,Bull
2020-03-30,NORMAL,DOWNTREND,NORMAL_CORRELATION,Bull
2020-03-31,NORMAL,DOWNTREND,NORMAL_CORRELATION,Neutral
2020-04-01,NORMAL,DOWNTREND,NORMAL_CORRELATION,Neutral
2020-04-02,NORMAL,DOWNTREND,NORMAL_CORRELATION,Bull
2020-04-03,NORMAL,DOWNTREND,NORMAL_CORRELATION,Bull
2020-04-06,NORMAL,DOWNTREND,NORMAL_CORRELATION,Neutral
2020-04-07,NORMAL,DOWNTREND,NORMAL_CORRELATION,Neutral
2020-04-08,NORMAL,DOWNTREND,NORMAL_CORRELATION,Bull
2020-04-09,NORMAL,DOWNTREND,NORMAL_CORRELATION,Neutral
2020-04-10,NORMAL,DOWNTREND,NORMAL_CORRELATION,Neutral
2020-04-13,NORMAL,DOWNTREND,NORMAL_CORRELATION,Bull
2020-04-14,NORMAL,DOWNTREND,NORMAL_CORRELATION,Bull
2020-04-15,NORMAL,DOWNTREND,NORMAL_CORRELATION,Bull
2020-04-16,NORMAL,DOWNTREND,NORMAL_CORRELATION,Bull
2020-04-17,NORMAL,DOWNTREND,NORMAL_CORRELATION,Bull
2020-04-20,NORMAL,DOWNTREND,NORMAL_CORRELATION,Neutral
2020-04-21,NORMAL,DOWNTREND,NORMAL_CORRELATION,Bull
2020-04-22,NORMAL,DOWNTREND,NORMAL_CORRELATION,Bull
2020-04-23,NORMAL,DOWNTREND,NORMAL_CORRELATION,Neutral
2020-04-24,NORMAL,DOWNTREND,NORMAL_CORRELATION,Bull
2020-04-27,NORMAL,DOWNTREND,NORMAL_CORRELATION,Bull
2020-04-28,NORMAL,DOWNTREND,NORMAL_CORRELATION,Bull
2020-04-29,NORMAL,DOWNTREND,NORMAL_CORRELATION,Bull
2020-04-30,NORMAL,DOWNTREND,NORMAL_CORRELATION,Bull
2020-05-01,NORMAL,DOWNTREND,NORMAL_CORRELATION,Neutral
2020-05-04,NORMAL,DOWNTREND,NORMAL_CORRELATION,Bull
2020-05-05,NORMAL,DOWNTREND,NORMAL_CORRELATION,Bull
2020-05-06,NORMAL,DOWNTREND,NORMAL_CORRELATION,Bull
2020-05-07,NORMAL,DOWNTREND,NORMAL_CORRELATION,Neutral
2020-05-08,LOW,DOWNTREND,NORMAL_CORRELATION,Bull
2020-05-11,LOW,DOWNTREND,NORMAL_CORRELATION,Bull
2020-05-12,LOW,DOWNTREND,NORMAL_CORRELATION,Bull
2020-05-13,LOW,DOWNTREND,NORMAL_CORRELATION,Bull
2020-05-14,LOW,DOWNTREND,NORMAL_CORRELATION,Bull
2020-05-15,LOW,DOWNTREND,NORMAL_CORRELATION,Bull
2020-05-18,LOW,DOWNTREND,NORMAL_CORRELATION,Neutral
2020-05-19,LOW,DOWNTREND,NORMAL_CORRELATION,Bull
2020-05-20,LOW,DOWNTREND,NORMAL_CORRELATION,Bull
2020-05-21,LOW,DOWNTREND,NORMAL_CORRELATION,Bull
2020-05-22,LOW,DOWNTREND,NORMAL_CORRELATION,Bull
2020-05-25,LOW,DOWNTREND,NORMAL_CORRELATION,Bull
2020-05-26,LOW,DOWNTREND,NORMAL_CORRELATION,Bull
2020-05-27,LOW,DOWNTREND,NORMAL_CORRELATION,Bull
2020-05-28,LOW,DOWNTREND,NORMAL_CORRELATION,Neutral
2020-05-29,LOW,DOWNTREND,NORMAL_CORRELATION,Neutral
2020-06-01,LOW,DOWNTREND,NORMAL_CORRELATION,Neutral
2020-06-02,NORMAL,DOWNTREND,NORMAL_CORRELATION,Neutral
2020-06-03,NORMAL,DOWNTREND,NORMAL_CORRELATION,Neutral
2020-06-04,NORMAL,DOWNTREND,NORMAL_CORRELATION,Bull
2020-06-05,NORMAL,DOWNTREND,NORMAL_CORRELATION,Neutral
2020-06-08,NORMAL,DOWNTREND,NORMAL_CORRELATION,Bull
2020-06-09,NORMAL,DOWNTREND,NORMAL_CORRELATION,Bull
2020-06-10,NORMAL,DOWNTREND,NORMAL_CORRELATION,Bull
2020-06-11,NORMAL,DOWNTREND,NORMAL_CORRELATION,Bull
2020-06-12,NORMAL,RANGE_BOUND,NORMAL_CORRELATION,Bull
2020-06-15,NORMAL,RANGE_BOUND,NORMAL_CORRELATION,Bull
2020-06-16,NORMAL,RANGE_BOUND,NORMAL_CORRELATION,Neutral
2020-06-17,NORMAL,DOWNTREND,NORMAL_CORRELATION,Bull
2020-06-18,NORMAL,DOWNTREND,NORMAL_CORRELATION,Neutral
2020-06-19,NORMAL,DOWNTREND,NORMAL_CORRELATION,Bull
2020-06-22,NORMAL,DOWNTREND,NORMAL_CORRELATION,Bull
2020-06-23,NORMAL,DOWNTREND,NORMAL_CORRELATION,Bull
2020-06-24,NORMAL,RANGE_BOUND,NORMAL_CORRELATION,Bull
2020-06-25,NORMAL,RANGE_BOUND,NORMAL_CORRELATION,Neutral
2020-06-26,NORMAL,RANGE_BOUND,NORMAL_CORRELATION,Bull
2020-06-29,NORMAL,RANGE_BOUND,NORMAL_CORRELATION,Bull
2020-06-30,NORMAL,RANGE_BOUND,NORMAL_CORRELATION,Neutral
2020-07-01,LOW,RANGE_BOUND,NORMAL_CORRELATION,Bull
2020-07-02,LOW,RANGE_BOUND,NORMAL_CORRELATION,Neutral
2020-07-03,LOW,RANGE_BOUND,NORMAL_CORRELATION,Neutral
2020-07-06,LOW,RANGE_BOUND,NORMAL_CORRELATION,Bull
2020-07-07,LOW,RANGE_BOUND,NORMAL_CORRELATION,Bull
2020-07-08,LOW,RANGE_BOUND,NORMAL_CORRELATION,Bull
2020-07-09,LOW,RANGE_BOUND,NORMAL_CORRELATION,Bull
2020-07-10,LOW,RANGE_BOUND,NORMAL_CORRELATION,Bull
2020-07-13,LOW,UPTREND,NORMAL_CORRELATION,Bull
2020-07-14,LOW,UPTREND,NORMAL_CORRELATION,Neutral
2020-07-15,LOW,UPTREND,NORMAL_CORRELATION,Bull
2020-07-16,LOW,UPTREND,NORMAL_CORRELATION,Bull
2020-07-17,LOW,UPTREND,NORMAL_CORRELATION,Bull
2020-07-20,LOW,RANGE_BOUND,NORMAL_CORRELATION,Bull
2020-07-21,LOW,RANGE_BOUND,NORMAL_CORRELATION,Neutral
2020-07-22,LOW,RANGE_BOUND,NORMAL_CORRELATION,Neutral
2020-07-23,LOW,RANGE_BOUND,NORMAL_CORRELATION,Bull
2020-07-24,LOW,RANGE_BOUND,NORMAL_CORRELATION,Bull
2020-07-27,NORMAL,DOWNTREND,NORMAL_CORRELATION,Neutral
2020-07-28,NORMAL,DOWNTREND,NORMAL_CORRELATION,Bull
2020-07-29,LOW,DOWNTREND,NORMAL_CORRELATION,Bull
2020-07-30,LOW,DOWNTREND,NORMAL_CORRELATION,Bull
2020-07-31,LOW,DOWNTREND,NORMAL_CORRELATION,Bull
2020-08-03,LOW,DOWNTREND,NORMAL_CORRELATION,Bull
2020-08-04,LOW,DOWNTREND,NORMAL_CORRELATION,Bull
2020-08-05,NORMAL,DOWNTREND,NORMAL_CORRELATION,Neutral
2020-08-06,NORMAL,DOWNTREND,NORMAL_CORRELATION,Bull
2020-08-07,NORMAL,DOWNTREND,NORMAL_CORRELATION,Bull
2020-08-10,NORMAL,DOWNTREND,NORMAL_CORRELATION,Bull
2020-08-11,NORMAL,DOWNTREND,NORMAL_CORRELATION,Bull
2020-08-12,LOW,DOWNTREND,NORMAL_CORRELATION,Bull
2020-08-13,NORMAL,DOWNTREND,NORMAL_CORRELATION,Bull
2020-08-14,NORMAL,DOWNTREND,NORMAL_CORRELATION,Bull
2020-08-17,NORMAL,DOWNTREND,NORMAL_CORRELATION,Bull
2020-08-18,NORMAL,DOWNTREND,NORMAL_CORRELATION,Bull
2020-08-19,LOW,DOWNTREND,NORMAL_CORRELATION,Bull
2020-08-20,LOW,RANGE_BOUND,NORMAL_CORRELATION,Neutral
2020-08-21,LOW,RANGE_BOUND,NORMAL_CORRELATION,Bull
2020-08-24,LOW,RANGE_BOUND,NORMAL_CORRELATION,Bull
2020-08-25,LOW,UPTREND,NORMAL_CORRELATION,Bull
2020-08-26,LOW,UPTREND,NORMAL_CORRELATION,Bull
2020-08-27,LOW,UPTREND,NORMAL_CORRELATION,Bull
2020-08-28,LOW,UPTREND,NORMAL_CORRELATION,Neutral
2020-08-31,LOW,UPTREND,NORMAL_CORRELATION,Bull
2020-09-01,LOW,UPTREND,NORMAL_CORRELATION,Bull
2020-09-02,NORMAL,UPTREND,NORMAL_CORRELATION,Neutral
2020-09-03,LOW,UPTREND,NORMAL_CORRELATION,Bull
2020-09-04,LOW,UPTREND,NORMAL_CORRELATION,Bull
2020-09-07,LOW,RANGE_BOUND,NORMAL_CORRELATION,Bull
2020-09-08,LOW,RANGE_BOUND,NORMAL_CORRELATION,Bull
2020-09-09,LOW,RANGE_BOUND,NORMAL_CORRELATION,Bull
2020-09-10,LOW,DOWNTREND,NORMAL_CORRELATION,Bull
2020-09-11,LOW,DOWNTREND,NORMAL_CORRELATION,Bull
2020-09-14,LOW,DOWNTREND,NORMAL_CORRELATION,Bull
2020-09-15,LOW,DOWNTREND,NORMAL_CORRELATION,Bull
2020-09-16,LOW,DOWNTREND,NORMAL_CORRELATION,Bull
2020-09-17,LOW,DOWNTREND,NORMAL_CORRELATION,Bull
2020-09-18,LOW,DOWNTREND,NORMAL_CORRELATION,Bull
2020-09-21,LOW,DOWNTREND,NORMAL_CORRELATION,Bull
2020-09-22,LOW,DOWNTREND,NORMAL_CORRELATION,Bull
2020-09-23,LOW,DOWNTREND,NORMAL_CORRELATION,Bull
2020-09-24,LOW,DOWNTREND,NORMAL_CORRELATION,Bull
2020-09-25,LOW,DOWNTREND,NORMAL_CORRELATION,Bull
2020-09-28,LOW,DOWNTREND,NORMAL_CORRELATION,Bull
2020-09-29,LOW,DOWNTREND,NORMAL_CORRELATION,Bull
2020-09-30,LOW,DOWNTREND,NORMAL_CORRELATION,Neutral
2020-10-01,LOW,DOWNTREND,NORMAL_CORRELATION,Bull
2020-10-02,LOW,DOWNTREND,NORMAL_CORRELATION,Bull
2020-10-05,LOW,DOWNTREND,NORMAL_CORRELATION,Bull
2020-10-06,LOW,DOWNTREND,NORMAL_CORRELATION,Bull
2020-10-07,LOW,DOWNTREND,NORMAL_CORRELATION,Bull
2020-10-08,LOW,DOWNTREND,NORMAL_CORRELATION,Neutral
2020-10-09,LOW,DOWNTREND,NORMAL_CORRELATION,Bull
2020-10-12,LOW,DOWNTREND,NORMAL_CORRELATION,Bull
2020-10-13,LOW,DOWNTREND,NORMAL_CORRELATION,Neutral
2020-10-14,LOW,DOWNTREND,NORMAL_CORRELATION,Bull
2020-10-15,NORMAL,DOWNTREND,NORMAL_CORRELATION,Bull
2020-10-16,NORMAL,DOWNTREND,NORMAL_CORRELATION,Neutral
2020-10-19,NORMAL,DOWNTREND,NORMAL_CORRELATION,Bull
2020-10-20,NORMAL,DOWNTREND,NORMAL_CORRELATION,Bull
2020-10-21,NORMAL,DOWNTREND,NORMAL_CORRELATION,Bull
2020-10-22,NORMAL,DOWNTREND,NORMAL_CORRELATION,Bull
2020-10-23,LOW,DOWNTREND,NORMAL_CORRELATION,Bull
2020-10-26,LOW,DOWNTREND,NORMAL_CORRELATION,Bull
2020-10-27,LOW,DOWNTREND,NORMAL_CORRELATION,Bull
2020-10-28,LOW,DOWNTREND,NORMAL_CORRELATION,Bull
2020-10-29,LOW,DOWNTREND,NORMAL_CORRELATION,Bull
2020-10-30,NORMAL,DOWNTREND,NORMAL_CORRELATION,Neutral
2020-11-02,NORMAL,DOWNTREND,NORMAL_CORRELATION,Neutral
2020-11-03,NORMAL,DOWNTREND,NORMAL_CORRELATION,Bull
2020-11-04,NORMAL,DOWNTREND,NORMAL_CORRELATION,Bull
2020-11-05,NORMAL,DOWNTREND,NORMAL_CORRELATION,Bull
2020-11-06,NORMAL,DOWNTREND,NORMAL_CORRELATION,Neutral
2020-11-09,NORMAL,DOWNTREND,NORMAL_CORRELATION,Bull
2020-11-10,NORMAL,DOWNTREND,NORMAL_CORRELATION,Bull
2020-11-11,NORMAL,DOWNTREND,NORMAL_CORRELATION,Neutral
2020-11-12,NORMAL,DOWNTREND,NORMAL_CORRELATION,Bull
2020-11-13,NORMAL,RANGE_BOUND,NORMAL_CORRELATION,Bull
2020-11-16,NORMAL,RANGE_BOUND,NORMAL_CORRELATION,Bull
2020-11-17,NORMAL,RANGE_BOUND,NORMAL_CORRELATION,Bull
2020-11-18,NORMAL,RANGE_BOUND,NORMAL_CORRELATION,Bull
2020-11-19,NORMAL,RANGE_BOUND,NORMAL_CORRELATION,Bull
2020-11-20,NORMAL,RANGE_BOUND,NORMAL_CORRELATION,Neutral
2020-11-23,NORMAL,RANGE_BOUND,NORMAL_CORRELATION,Neutral
2020-11-24,NORMAL,RANGE_BOUND,NORMAL_CORRELATION,Bull
2020-11-25,NORMAL,RANGE_BOUND,NORMAL_CORRELATION,Bull
2020-11-26,NORMAL,RANGE_BOUND,NORMAL_CORRELATION,Bull
2020-11-27,NORMAL,RANGE_BOUND,NORMAL_CORRELATION,Bull
2020-11-30,NORMAL,UPTREND,NORMAL_CORRELATION,Bull
2020-12-01,NORMAL,UPTREND,NORMAL_CORRELATION,Bull
2020-12-02,NORMAL,UPTREND,NORMAL_CORRELATION,Bull
2020-12-03,NORMAL,UPTREND,NORMAL_CORRELATION,Bull
2020-12-04,LOW,UPTREND,NORMAL_CORRELATION,Bull
2020-12-07,LOW,UPTREND,NORMAL_CORRELATION,Bull
2020-12-08,LOW,UPTREND,NORMAL_CORRELATION,Neutral
2020-12-09,LOW,UPTREND,NORMAL_CORRELATION,Bull
2020-12-10,LOW,UPTREND,NORMAL_CORRELATION,Bull
2020-12-11,NORMAL,UPTREND,NORMAL_CORRELATION,Bull
2020-12-14,NORMAL,UPTREND,NORMAL_CORRELATION,Neutral
2020-12-15,NORMAL,UPTREND,NORMAL_CORRELATION,Neutral
2020-12-16,NORMAL,UPTREND,NORMAL_CORRELATION,Bull
2020-12-17,NORMAL,UPTREND,NORMAL_CORRELATION,Bull
2020-12-18,NORMAL,UPTREND,NORMAL_CORRELATION,Bull
2020-12-21,LOW,UPTREND,NORMAL_CORRELATION,Bull
2020-12-22,LOW,UPTREND,NORMAL_CORRELATION,Bull
2020-12-23,LOW,UPTREND,NORMAL_CORRELATION,Bull
2020-12-24,LOW,UPTREND,NORMAL_CORRELATION,Bull
2020-12-25,LOW,UPTREND,NORMAL_CORRELATION,Bull
2020-12-28,LOW,UPTREND,NORMAL_CORRELATION,Neutral
2020-12-29,LOW,UPTREND,NORMAL_CORRELATION,Bull
2020-12-30,LOW,UPTREND,NORMAL_CORRELATION,Bull
2020-12-31,NORMAL,UPTREND,NORMAL_CORRELATION,Neutral
2021-01-01,NORMAL,UPTREND,NORMAL_CORRELATION,Bull
2021-01-04,NORMAL,UPTREND,NORMAL_CORRELATION,Bull
2021-01-05,NORMAL,UPTREND,NORMAL_CORRELATION,Bull
2021-01-06,LOW,UPTREND,NORMAL_CORRELATION,Bull
2021-01-07,LOW,UPTREND,NORMAL_CORRELATION,Bull
2021-01-08,LOW,UPTREND,NORMAL_CORRELATION,Bull
2021-01-11,LOW,UPTREND,NORMAL_CORRELATION,Bull
2021-01-12,LOW,UPTREND,NORMAL_CORRELATION,Bull
2021-01-13,LOW,UPTREND,NORMAL_CORRELATION,Bull
2021-01-14,LOW,UPTREND,NORMAL_CORRELATION,Bull
2021-01-15,LOW,UPTREND,NORMAL_CORRELATION,Bull
2021-01-18,LOW,UPTREND,NORMAL_CORRELATION,Neutral
2021-01-19,LOW,RANGE_BOUND,NORMAL_CORRELATION,Bull
2021-01-20,LOW,RANGE_BOUND,NORMAL_CORRELATION,Bull
2021-01-21,LOW,RANGE_BOUND,NORMAL_CORRELATION,Bull
2021-01-22,LOW,RANGE_BOUND,NORMAL_CORRELATION,Bull
2021-01-25,LOW,RANGE_BOUND,NORMAL_CORRELATION,Bull
2021-01-26,LOW,RANGE_BOUND,NORMAL_CORRELATION,Bull
2021-01-27,LOW,RANGE_BOUND,NORMAL_CORRELATION,Neutral
2021-01-28,LOW,RANGE_BOUND,NORMAL_CORRELATION,Bull
2021-01-29,LOW,RANGE_BOUND,NORMAL_CORRELATION,Bull
2021-02-01,NORMAL,RANGE_BOUND,NORMAL_CORRELATION,Neutral
2021-02-02,NORMAL,RANGE_BOUND,NORMAL_CORRELATION,Neutral
2021-02-03,NORMAL,RANGE_BOUND,NORMAL_CORRELATION,Bull
2021-02-04,NORMAL,RANGE_BOUND,NORMAL_CORRELATION,Neutral
2021-02-05,NORMAL,RANGE_BOUND,NORMAL_CORRELATION,Bull
2021-02-08,NORMAL,RANGE_BOUND,NORMAL_CORRELATION,Bull
2021-02-09,NORMAL,RANGE_BOUND,NORMAL_CORRELATION,Bull
2021-02-10,NORMAL,RANGE_BOUND,NORMAL_CORRELATION,Bull
2021-02-11,NORMAL,RANGE_BOUND,NORMAL_CORRELATION,Bull
2021-02-12,NORMAL,RANGE_BOUND,NORMAL_CORRELATION,Bull
2021-02-15,NORMAL,RANGE_BOUND,NORMAL_CORRELATION,Bull
2021-02-16,NORMAL,RANGE_BOUND,NORMAL_CORRELATION,Bull
2021-02-17,NORMAL,RANGE_BOUND,NORMAL_CORRELATION,Bull
2021-02-18,NORMAL,RANGE_BOUND,NORMAL_CORRELATION,Bull
2021-02-19,NORMAL,RANGE_BOUND,NORMAL_CORRELATION,Bull
2021-02-22,NORMAL,RANGE_BOUND,NORMAL_CORRELATION,Neutral
2021-02-23,NORMAL,RANGE_BOUND,NORMAL_CORRELATION,Bull
2021-02-24,HIGH,RANGE_BOUND,NORMAL_CORRELATION,Neutral
2021-02-25,HIGH,RANGE_BOUND,NORMAL_CORRELATION,Neutral
2021-02-26,EXTREME,RANGE_BOUND,NORMAL_CORRELATION,Bear
2021-03-01,EXTREME,RANGE_BOUND,NORMAL_CORRELATION,Bear
2021-03-02,EXTREME,DOWNTREND,NORMAL_CORRELATION,Bull
2021-03-03,HIGH,DOWNTREND,NORMAL_CORRELATION,Bull
2021-03-04,HIGH,DOWNTREND,NORMAL_CORRELATION,Bull
2021-03-05,EXTREME,DOWNTREND,NORMAL_CORRELATION,Neutral
2021-03-08,EXTREME,DOWNTREND,NORMAL_CORRELATION,Bear
2021-03-09,EXTREME,DOWNTREND,NORMAL_CORRELATION,Bull
2021-03-10,EXTREME,DOWNTREND,NORMAL_CORRELATION,Neutral
2021-03-11,EXTREME,DOWNTREND,NORMAL_CORRELATION,Neutral
2021-03-12,EXTREME,DOWNTREND,NORMAL_CORRELATION,Bull
2021-03-15,EXTREME,DOWNTREND,NORMAL_CORRELATION,Bull
2021-03-16,EXTREME,DOWNTREND,NORMAL_CORRELATION,Bull
2021-03-17,EXTREME,DOWNTREND,NORMAL_CORRELATION,Bull
2021-03-18,EXTREME,DOWNTREND,NORMAL_CORRELATION,Neutral
2021-03-19,EXTREME,DOWNTREND,NORMAL_CORRELATION,Neutral
2021-03-22,EXTREME,DOWNTREND,NORMAL_CORRELATION,Bull
2021-03-23,EXTREME,DOWNTREND,NORMAL_CORRELATION,Bear
2021-03-24,EXTREME,DOWNTREND,NORMAL_CORRELATION,Bull
2021-03-25,EXTREME,DOWNTREND,NORMAL_CORRELATION,Neutral
2021-03-26,EXTREME,DOWNTREND,NORMAL_CORRELATION,Bull
2021-03-29,EXTREME,DOWNTREND,NORMAL_CORRELATION,Bull
2021-03-30,EXTREME,RANGE_BOUND,NORMAL_CORRELATION,Bull
2021-03-31,EXTREME,UPTREND,NORMAL_CORRELATION,Bear
2021-04-01,EXTREME,UPTREND,NORMAL_CORRELATION,Neutral
2021-04-02,EXTREME,UPTREND,NORMAL_CORRELATION,Bull
2021-04-05,EXTREME,UPTREND,NORMAL_CORRELATION,Neutral
2021-04-06,EXTREME,UPTREND,NORMAL_CORRELATION,Bull
2021-04-07,EXTREME,STRONG_UPTREND,NORMAL_CORRELATION,Bull
2021-04-08,HIGH,STRONG_UPTREND,NORMAL_CORRELATION,Neutral
2021-04-09,HIGH,STRONG_UPTREND,NORMAL_CORRELATION,Bull
2021-04-12,HIGH,STRONG_UPTREND,NORMAL_CORRELATION,Bull
2021-04-13,HIGH,STRONG_UPTREND,NORMAL_CORRELATION,Bull
2021-04-14,HIGH,STRONG_UPTREND,NORMAL_CORRELATION,Bull
2021-04-15,HIGH,STRONG_UPTREND,NORMAL_CORRELATION,Bull
2021-04-16,HIGH,STRONG_UPTREND,NORMAL_CORRELATION,Bear
2021-04-19,HIGH,STRONG_UPTREND,NORMAL_CORRELATION,Bull
2021-04-20,HIGH,STRONG_UPTREND,NORMAL_CORRELATION,Neutral
2021-04-21,HIGH,STRONG_UPTREND,NORMAL_CORRELATION,Neutral
2021-04-22,HIGH,UPTREND,NORMAL_CORRELATION,Bull
2021-04-23,HIGH,UPTREND,NORMAL_CORRELATION,Bull
2021-04-26,HIGH,UPTREND,NORMAL_CORRELATION,Bull
2021-04-27,HIGH,UPTREND,NORMAL_CORRELATION,Neutral
2021-04-28,HIGH,UPTREND,NORMAL_CORRELATION,Neutral
2021-04-29,HIGH,UPTREND,NORMAL_CORRELATION,Bull
2021-04-30,HIGH,UPTREND,NORMAL_CORRELATION,Bull
2021-05-03,HIGH,UPTREND,NORMAL_CORRELATION,Bull
2021-05-04,NORMAL,RANGE_BOUND,NORMAL_CORRELATION,Bull
2021-05-05,NORMAL,RANGE_BOUND,NORMAL_CORRELATION,Neutral
2021-05-06,HIGH,DOWNTREND,NORMAL_CORRELATION,Bull
2021-05-07,NORMAL,DOWNTREND,NORMAL_CORRELATION,Bull
2021-05-10,HIGH,DOWNTREND,NORMAL_CORRELATION,Bear
2021-05-11,HIGH,DOWNTREND,NORMAL_CORRELATION,Bear
2021-05-12,HIGH,DOWNTREND,NORMAL_CORRELATION,Bull
2021-05-13,HIGH,DOWNTREND,NORMAL_CORRELATION,Bull
2021-05-14,HIGH,DOWNTREND,NORMAL_CORRELATION,Bull
2021-05-17,NORMAL,DOWNTREND,NORMAL_CORRELATION,Bull
2021-05-18,NORMAL,DOWNTREND,NORMAL_CORRELATION,Bull
2021-05-19,HIGH,DOWNTREND,NORMAL_CORRELATION,Neutral
2021-05-20,NORMAL,DOWNTREND,NORMAL_CORRELATION,Neutral
2021-05-21,HIGH,DOWNTREND,NORMAL_CORRELATION,Neutral
2021-05-24,HIGH,DOWNTREND,NORMAL_CORRELATION,Neutral
2021-05-25,HIGH,DOWNTREND,NORMAL_CORRELATION,Bull
2021-05-26,HIGH,DOWNTREND,NORMAL_CORRELATION,Neutral
2021-05-27,HIGH,DOWNTREND,NORMAL_CORRELATION,Bull
2021-05-28,HIGH,DOWNTREND,NORMAL_CORRELATION,Bear
2021-05-31,HIGH,DOWNTREND,NORMAL_CORRELATION,Neutral
2021-06-01,HIGH,DOWNTREND,NORMAL_CORRELATION,Bull
2021-06-02,HIGH,DOWNTREND,NORMAL_CORRELATION,Bull
2021-06-03,HIGH,DOWNTREND,NORMAL_CORRELATION,Bull
2021-06-04,HIGH,DOWNTREND,NORMAL_CORRELATION,Bull
2021-06-07,HIGH,DOWNTREND,NORMAL_CORRELATION,Bull
2021-06-08,HIGH,DOWNTREND,NORMAL_CORRELATION,Neutral
2021-06-09,HIGH,DOWNTREND,NORMAL_CORRELATION,Bull
2021-06-10,HIGH,DOWNTREND,NORMAL_CORRELATION,Bull
2021-06-11,HIGH,DOWNTREND,NORMAL_CORRELATION,Bull
2021-06-14,HIGH,DOWNTREND,NORMAL_CORRELATION,Neutral
2021-06-15,HIGH,DOWNTREND,NORMAL_CORRELATION,Bull
2021-06-16,HIGH,DOWNTREND,NORMAL_CORRELATION,Bull
2021-06-17,HIGH,DOWNTREND,NORMAL_CORRELATION,Bull
2021-06-18,HIGH,DOWNTREND,NORMAL_CORRELATION,Neutral
2021-06-21,HIGH,DOWNTREND,NORMAL_CORRELATION,Bull
2021-06-22,HIGH,DOWNTREND,NORMAL_CORRELATION,Bear
2021-06-23,HIGH,DOWNTREND,NORMAL_CORRELATION,Bull
2021-06-24,HIGH,DOWNTREND,NORMAL_CORRELATION,Neutral
2021-06-25,HIGH,DOWNTREND,NORMAL_CORRELATION,Bull
2021-06-28,HIGH,DOWNTREND,NORMAL_CORRELATION,Neutral
2021-06-29,HIGH,DOWNTREND,NORMAL_CORRELATION,Bull
2021-06-30,NORMAL,DOWNTREND,NORMAL_CORRELATION,Bull
2021-07-01,HIGH,DOWNTREND,NORMAL_CORRELATION,Bull
2021-07-02,HIGH,DOWNTREND,NORMAL_CORRELATION,Bull
2021-07-05,HIGH,DOWNTREND,NORMAL_CORRELATION,Neutral
2021-07-06,HIGH,RANGE_BOUND,NORMAL_CORRELATION,Neutral
2021-07-07,HIGH,RANGE_BOUND,NORMAL_CORRELATION,Neutral
2021-07-08,HIGH,UPTREND,NORMAL_CORRELATION,Bull
2021-07-09,HIGH,UPTREND,NORMAL_CORRELATION,Neutral
2021-07-12,HIGH,UPTREND,NORMAL_CORRELATION,Bear
2021-07-13,HIGH,UPTREND,NORMAL_CORRELATION,Bull
2021-07-14,HIGH,UPTREND,NORMAL_CORRELATION,Bull
2021-07-15,HIGH,UPTREND,NORMAL_CORRELATION,Bull
2021-07-16,HIGH,UPTREND,NORMAL_CORRELATION,Bull
2021-07-19,HIGH,UPTREND,NORMAL_CORRELATION,Bull
2021-07-20,HIGH,UPTREND,NORMAL_CORRELATION,Neutral
2021-07-21,HIGH,UPTREND,NORMAL_CORRELATION,Bull
2021-07-22,HIGH,UPTREND,NORMAL_CORRELATION,Bull
2021-07-23,NORMAL,UPTREND,NORMAL_CORRELATION,Bull
2021-07-26,NORMAL,UPTREND,NORMAL_CORRELATION,Bull
2021-07-27,NORMAL,UPTREND,NORMAL_CORRELATION,Bull
2021-07-28,NORMAL,UPTREND,NORMAL_CORRELATION,Bull
2021-07-29,NORMAL,UPTREND,NORMAL_CORRELATION,Neutral
2021-07-30,NORMAL,UPTREND,NORMAL_CORRELATION,Neutral
2021-08-02,NORMAL,UPTREND,NORMAL_CORRELATION,Bull
2021-08-03,NORMAL,UPTREND,NORMAL_CORRELATION,Bull
2021-08-04,NORMAL,UPTREND,NORMAL_CORRELATION,Neutral
2021-08-05,NORMAL,UPTREND,NORMAL_CORRELATION,Bull
2021-08-06,NORMAL,UPTREND,NORMAL_CORRELATION,Neutral
2021-08-09,NORMAL,STRONG_UPTREND,NORMAL_CORRELATION,Neutral
2021-08-10,NORMAL,STRONG_UPTREND,NORMAL_CORRELATION,Bull
2021-08-11,NORMAL,STRONG_UPTREND,NORMAL_CORRELATION,Neutral
2021-08-12,NORMAL,STRONG_UPTREND,NORMAL_CORRELATION,Bull
2021-08-13,NORMAL,STRONG_UPTREND,NORMAL_CORRELATION,Neutral
2021-08-16,NORMAL,STRONG_UPTREND,NORMAL_CORRELATION,Bull
2021-08-17,NORMAL,STRONG_UPTREND,NORMAL_CORRELATION,Bull
2021-08-18,LOW,STRONG_UPTREND,NORMAL_CORRELATION,Bull
2021-08-19,NORMAL,STRONG_UPTREND,NORMAL_CORRELATION,Bear
2021-08-20,NORMAL,STRONG_UPTREND,NORMAL_CORRELATION,Bull
2021-08-23,EXTREME,STRONG_UPTREND,NORMAL_CORRELATION,Bear
2021-08-24,EXTREME,STRONG_UPTREND,NORMAL_CORRELATION,Neutral
2021-08-25,EXTREME,STRONG_UPTREND,NORMAL_CORRELATION,Bull
2021-08-26,EXTREME,STRONG_UPTREND,NORMAL_CORRELATION,Bull
2021-08-27,EXTREME,STRONG_UPTREND,NORMAL_CORRELATION,Neutral
2021-08-30,EXTREME,UPTREND,NORMAL_CORRELATION,Bull
2021-08-31,EXTREME,UPTREND,NORMAL_CORRELATION,Neutral
2021-09-01,EXTREME,RANGE_BOUND,NORMAL_CORRELATION,Bull
2021-09-02,EXTREME,RANGE_BOUND,NORMAL_CORRELATION,Bear
2021-09-03,EXTREME,RANGE_BOUND,NORMAL_CORRELATION,Bull
2021-09-06,EXTREME,RANGE_BOUND,NORMAL_CORRELATION,Bull
2021-09-07,EXTREME,RANGE_BOUND,NORMAL_CORRELATION,Neutral
2021-09-08,EXTREME,RANGE_BOUND,NORMAL_CORRELATION,Bull
2021-09-09,EXTREME,RANGE_BOUND,NORMAL_CORRELATION,Neutral
2021-09-10,EXTREME,RANGE_BOUND,NORMAL_CORRELATION,Bull
2021-09-13,EXTREME,RANGE_BOUND,NORMAL_CORRELATION,Bull
2021-09-14,EXTREME,DOWNTREND,NORMAL_CORRELATION,Neutral
2021-09-15,EXTREME,DOWNTREND,NORMAL_CORRELATION,Bull
2021-09-16,EXTREME,DOWNTREND,NORMAL_CORRELATION,Bull
2021-09-17,HIGH,DOWNTREND,NORMAL_CORRELATION,Neutral
2021-09-20,HIGH,DOWNTREND,NORMAL_CORRELATION,Bull
2021-09-21,NORMAL,DOWNTREND,NORMAL_CORRELATION,Bull
2021-09-22,NORMAL,DOWNTREND,NORMAL_CORRELATION,Bull
2021-09-23,NORMAL,RANGE_BOUND,NORMAL_CORRELATION,Bull
2021-09-24,NORMAL,RANGE_BOUND,NORMAL_CORRELATION,Bull
2021-09-27,NORMAL,RANGE_BOUND,NORMAL_CORRELATION,Neutral
2021-09-28,NORMAL,UPTREND,NORMAL_CORRELATION,Neutral
2021-09-29,NORMAL,UPTREND,NORMAL_CORRELATION,Neutral
2021-09-30,NORMAL,UPTREND,NORMAL_CORRELATION,Bull
2021-10-01,NORMAL,UPTREND,NORMAL_CORRELATION,Neutral
2021-10-04,NORMAL,UPTREND,NORMAL_CORRELATION,Bull
2021-10-05,NORMAL,UPTREND,NORMAL_CORRELATION,Bull
2021-10-06,NORMAL,RANGE_BOUND,NORMAL_CORRELATION,Neutral
2021-10-07,NORMAL,RANGE_BOUND,NORMAL_CORRELATION,Bull
2021-10-08,NORMAL,RANGE_BOUND,NORMAL_CORRELATION,Bull
2021-10-11,NORMAL,DOWNTREND,NORMAL_CORRELATION,Bull
2021-10-12,NORMAL,DOWNTREND,NORMAL_CORRELATION,Bull
2021-10-13,NORMAL,DOWNTREND,NORMAL_CORRELATION,Neutral
2021-10-14,NORMAL,DOWNTREND,NORMAL_CORRELATION,Bull
2021-10-15,NORMAL,DOWNTREND,NORMAL_CORRELATION,Bull
2021-10-18,NORMAL,DOWNTREND,NORMAL_CORRELATION,Bull
2021-10-19,NORMAL,RANGE_BOUND,NORMAL_CORRELATION,Neutral
2021-10-20,NORMAL,RANGE_BOUND,NORMAL_CORRELATION,Neutral
2021-10-21,NORMAL,RANGE_BOUND,NORMAL_CORRELATION,Neutral
2021-10-22,NORMAL,RANGE_BOUND,NORMAL_CORRELATION,Neutral
2021-10-25,NORMAL,UPTREND,NORMAL_CORRELATION,Bull
2021-10-26,NORMAL,UPTREND,NORMAL_CORRELATION,Bull
2021-10-27,NORMAL,UPTREND,NORMAL_CORRELATION,Bull
2021-10-28,NORMAL,UPTREND,NORMAL_CORRELATION,Bull
2021-10-29,NORMAL,UPTREND,NORMAL_CORRELATION,Bull
2021-11-01,NORMAL,UPTREND,NORMAL_CORRELATION,Bull
